xs_id,distance_along_centerline_m,num_valid_points,elevation_range_m,max_slope_deg,distortion_risk
XS_0000,0.0,100,5.481999999999971,43.39385949640686,low
XS_0001,25.0,100,5.425000000000068,38.448872338292446,low
XS_0002,50.0,100,5.794999999999959,50.644510723065856,low
XS_0003,75.0,100,5.640999999999963,51.97410595294835,low
XS_0004,100.0,100,4.100000000000136,53.531956320111064,low
XS_0005,125.0,100,4.280000000000086,54.70094419476199,low
XS_0006,150.0,100,12.860000000000014,75.7134234407637,low
XS_0007,175.0,100,12.279999999999973,71.5822244545043,low
XS_0008,200.0,100,9.540000000000077,71.5822244545043,low
XS_0009,225.0,100,9.603155908154577,71.58222445450663,low
XS_0010,250.0,100,9.337000000000103,71.68920076590308,low
XS_0011,275.0,100,13.302000000000135,77.16657061827381,low
XS_0012,300.0,100,13.95000000000016,77.74426912575967,low
XS_0013,325.0,100,14.59800000000007,78.27289579171305,low
XS_0014,350.0,100,15.404999999999973,78.87148665627154,low
XS_0015,375.0,100,43.39999999999998,84.73753574619208,low
XS_0016,400.0,100,43.39999999999998,85.13180349365298,low
XS_0017,425.0,100,51.32290632486934,85.84751008199969,low
XS_0018,450.0,100,43.136047661642806,84.73753574619208,low
XS_0019,475.0,100,39.15287211729469,84.98568529313314,low
XS_0020,500.0,100,25.875,77.7867234535536,low
XS_0021,525.0,100,28.204999999999927,79.30167767949928,low
XS_0022,550.0,100,28.287981462829634,82.1556077889143,low
XS_0023,575.0,100,28.288731545180553,81.79083423704337,low
XS_0024,600.0,100,25.62799999999993,82.05032266606824,low
XS_0025,625.0,100,19.93600000000015,81.35711025326376,low
XS_0026,650.0,100,38.48771631894442,81.42672770880748,low
XS_0027,675.0,100,81.73598807585097,86.80245085959601,low
XS_0028,700.0,100,61.06072624720605,85.57157752546529,low
XS_0029,725.0,100,40.704000000000065,85.66919602829942,low
XS_0030,750.0,100,45.56100000000015,85.80972615326726,low
XS_0031,775.0,100,47.414999999999964,85.90039554149888,low
XS_0032,800.0,100,49.23000000000002,86.4149004858773,low
XS_0033,825.0,100,10.48800000000017,73.88438156725397,low
XS_0034,850.0,100,30.57199999999989,82.9491331416537,low
XS_0035,875.0,100,39.11555776362752,85.4061364473809,low
XS_0036,900.0,100,39.248772590143744,85.32251842669272,low
XS_0037,925.0,100,59.27099999999996,86.81408137803047,low
XS_0038,950.0,100,53.92265198862128,86.41001439508905,low
XS_0039,975.0,100,35.35764647041856,85.05501820633538,low
XS_0040,1000.0,100,13.412022841686166,77.13085212795434,low
XS_0041,1025.0,100,13.039999999999964,76.65070567067323,low
XS_0042,1050.0,100,12.624000000000024,75.98462219959762,low
XS_0043,1075.0,100,12.42599999999993,75.36687394731435,low
XS_0044,1100.0,100,0.8650000000000091,15.93139529465821,low
XS_0045,1125.0,100,4.2000000000000455,49.113957641296,low
XS_0046,1150.0,100,16.170000000000073,72.81762793277846,low
XS_0047,1175.0,100,9.799999999999955,72.81762793277876,low
XS_0048,1200.0,100,10.723999999999933,74.2211892482058,low
XS_0049,1225.0,100,11.101999999999862,74.73294585072777,low
XS_0050,1250.0,100,12.522360586545346,74.08262767833214,low
XS_0051,1275.0,100,12.55399999999986,74.95522975059843,low
XS_0052,1300.0,100,22.121394684044844,80.54695996809014,low
XS_0053,1325.0,100,23.205087721803693,82.03481102470276,low
XS_0054,1350.0,100,18.930571996402705,77.63867289349012,low
XS_0055,1375.0,100,19.74934359261306,76.09302170901191,low
XS_0056,1400.0,100,25.980000000000018,73.31789585173733,low
XS_0057,1425.0,100,25.769999999999982,73.23019855293359,low
XS_0058,1450.0,100,18.328000000000202,77.24906756135385,low
XS_0059,1475.0,100,27.50108131994648,76.37581264993251,low
XS_0060,1500.0,100,56.700000000000045,84.11521700644992,low
XS_0061,1525.0,100,56.700000000000045,85.80355922239288,low
XS_0062,1550.0,100,56.700000000000045,85.80355922238762,low
XS_0063,1575.0,100,56.9853803372489,85.80355922238753,low
XS_0064,1600.0,100,17.97787884894319,77.70401248000596,low
XS_0065,1625.0,100,34.384000000000015,80.54695996808961,low
XS_0066,1650.0,100,35.45600000000013,81.0922498117679,low
XS_0067,1675.0,100,32.66000000000008,81.21344710896474,low
XS_0068,1700.0,100,31.5,80.89109321873639,low
XS_0069,1725.0,100,31.875,80.89109321875898,low
XS_0070,1750.0,100,84.05399999999997,85.24109532460794,low
XS_0071,1775.0,100,51.726999999999975,85.16628156786466,low
XS_0072,1800.0,100,105.83999999999992,87.33489497627808,low
XS_0073,1825.0,100,107.97503354366177,87.33489497627812,low
XS_0074,1850.0,100,106.40374809946536,87.33489497627814,low
XS_0075,1875.0,100,107.56106388637886,87.33489497627643,low
XS_0076,1900.0,100,114.98585115307549,87.63911157195984,low
XS_0077,1925.0,100,104.19134414668372,87.63971576380969,low
XS_0078,1950.0,100,132.51352037757772,87.89728899467005,low
XS_0079,1975.0,100,124.70205363282184,87.8436880943971,low
XS_0080,2000.0,100,126.57100000000014,87.7999716469797,low
XS_0081,2025.0,100,130.47500000000014,87.75562905564125,low
XS_0082,2050.0,100,128.87427771899786,87.41068296607632,low
XS_0083,2075.0,100,133.13018647085948,87.36215664240108,low
XS_0084,2100.0,100,100.56000000000006,87.27589608822352,low
XS_0085,2125.0,100,100.23000000000002,87.21485311837469,low
XS_0086,2150.0,100,95.67600131907489,88.08009564285318,low
XS_0087,2175.0,100,94.48668917267116,88.03851560850084,low
XS_0088,2200.0,100,90.49800000000005,87.98891901904557,low
XS_0089,2225.0,100,83.22000000000003,87.91460107674772,low
XS_0090,2250.0,100,34.56560278761913,84.4532053017474,low
XS_0091,2275.0,100,41.03755930266152,85.33313094675594,low
XS_0092,2300.0,100,36.779032769804644,85.26137754814839,low
XS_0093,2325.0,100,35.335000000000036,85.09835019198144,low
XS_0094,2350.0,100,37.27100000000007,85.0046602818731,low
XS_0095,2375.0,100,43.309930815442044,85.71059827008304,low
XS_0096,2400.0,100,40.003999999999905,85.62563488389263,low
XS_0097,2425.0,100,39.60799999999995,85.58163918396757,low
XS_0098,2450.0,100,42.525999999999954,85.7556360793298,low
XS_0099,2475.0,100,44.71306256290393,85.92951923317581,low
XS_0100,2500.0,100,62.05814848249315,87.0855390269305,low
XS_0101,2525.0,100,56.96748162771769,86.94585123115618,low
XS_0102,2550.0,100,114.64800000000014,87.39092408730032,low
XS_0103,2575.0,100,114.53900000000021,87.26801505985755,low
XS_0104,2600.0,100,116.05999999999995,87.41610665404428,low
XS_0105,2625.0,100,116.85199999999998,87.52350762446501,low
XS_0106,2650.0,100,117.19471929564963,87.62218501708888,low
XS_0107,2675.0,100,90.37400000000014,87.73532290744407,low
XS_0108,2700.0,100,109.30805167249991,87.83446670892245,low
XS_0109,2725.0,100,101.42424829161655,87.75204676901765,low
XS_0110,2750.0,100,128.80000000000007,87.77112332356384,low
XS_0111,2775.0,100,117.37792116305354,88.34690100388028,low
XS_0112,2800.0,100,106.95682587551448,88.34690100388937,low
XS_0113,2825.0,100,108.34163079583595,88.34690100388937,low
XS_0114,2850.0,100,130.57500000000005,88.34690100388029,low
XS_0115,2875.0,100,83.52599999999995,86.97800447809563,low
XS_0116,2900.0,100,28.39705031764379,83.69170118855499,low
XS_0117,2925.0,100,28.436329694160463,83.88038772407072,low
XS_0118,2950.0,100,24.878000000000156,80.2633620939612,low
XS_0119,2975.0,100,32.01999999999998,83.82319881740803,low
XS_0120,3000.0,100,59.67999999999995,85.05166624998542,low
XS_0121,3025.0,100,63.222999999999956,86.11853459028264,low
XS_0122,3050.0,100,63.466999999999985,86.02429239933758,low
XS_0123,3075.0,100,61.972999999999956,85.92250191962864,low
XS_0124,3100.0,100,61.169000000000096,85.81838984283903,low
XS_0125,3125.0,100,48.28866865258567,85.40977432847184,low
XS_0126,3150.0,100,51.49046672660734,85.41658573227828,low
XS_0127,3175.0,100,63.616043264885775,85.80355922238263,low
XS_0128,3200.0,100,58.97499999999991,85.41537803768884,low
XS_0129,3225.0,100,46.90599999999995,85.65752008639602,low
XS_0130,3250.0,100,41.837999999999965,85.85733268297102,low
XS_0131,3275.0,100,50.847999999999956,84.84504790545063,low
XS_0132,3300.0,100,46.42399999999998,85.06093371709566,low
XS_0133,3325.0,100,97.4079999999999,87.01434778699993,low
XS_0134,3350.0,100,96.60799999999983,87.01434778699993,low
XS_0135,3375.0,100,118.67557104287698,87.01434778699995,low
XS_0136,3400.0,100,106.09326052683161,87.01434778699995,low
XS_0137,3425.0,100,107.452,87.08447576567129,low
XS_0138,3450.0,100,51.05225422639728,86.48486968578872,low
XS_0139,3475.0,100,113.37082639051687,87.01434778700654,low
XS_0140,3500.0,100,96.11162969631698,87.08447576568447,low
XS_0141,3525.0,100,97.68685866297699,87.08447576567514,low
XS_0142,3550.0,100,96.07000000000005,87.08447576567511,low
XS_0143,3575.0,100,92.05999999999995,87.08447576568447,low
XS_0144,3600.0,100,102.89999999999998,85.73722532572197,low
XS_0145,3625.0,100,78.89563853405434,87.56332793776906,low
XS_0146,3650.0,100,68.89837901378712,87.48162798560888,low
XS_0147,3675.0,100,67.71499999999992,87.42476227444243,low
XS_0148,3700.0,100,65.87500000000011,87.36620473993328,low
XS_0149,3725.0,100,68.8924091543837,84.94338384439067,low
XS_0150,3750.0,100,68.62771402852081,85.86324574902059,low
XS_0151,3775.0,100,74.69400000000007,85.95408961579562,low
XS_0152,3800.0,100,67.7426289096228,86.04709487365157,low
XS_0153,3825.0,100,43.863507446094104,86.01835322554068,low
XS_0154,3850.0,100,42.987578279507375,83.77889015720618,low
XS_0155,3875.0,100,30.354000000000042,83.68993395565859,low
XS_0156,3900.0,100,67.85500000000002,84.68792565778644,low
XS_0157,3925.0,100,60.625,86.46116863258077,low
XS_0158,3950.0,100,77.11700000000008,86.46116863258077,low
XS_0159,3975.0,100,30.41929826111368,83.3267269336482,low
XS_0160,4000.0,100,35.86278497161129,84.84291365150759,low
XS_0161,4025.0,100,29.607530613191557,83.97529310048346,low
XS_0162,4050.0,100,21.24488579161789,81.84418802104265,low
XS_0163,4075.0,100,20.309000000000083,81.51351504804198,low
XS_0164,4100.0,100,27.299999999999955,83.15923225814093,low
XS_0165,4125.0,100,24.720000000000027,82.83036934459078,low
XS_0166,4150.0,100,84.11999999999989,87.39092408730176,low
XS_0167,4175.0,100,76.01999999999998,85.8035592224051,low
XS_0168,4200.0,100,55.30000000000007,85.80355922240079,low
XS_0169,4225.0,100,92.79675370149835,86.30573632772914,low
XS_0170,4250.0,100,86.35200000000009,86.25068815364776,low
XS_0171,4275.0,100,78.97000000000025,86.14546503315476,low
XS_0172,4300.0,100,92.0987995163672,86.07217298417116,low
XS_0173,4325.0,100,92.50555225012079,85.20063201640914,low
XS_0174,4350.0,100,88.89999999999998,85.68166725168815,low
XS_0175,4375.0,100,89.31999999999994,85.82170479523025,low
XS_0176,4400.0,100,78.6859999999997,85.9072451746429,low
XS_0177,4425.0,100,83.06000000000017,86.03327036580453,low
XS_0178,4450.0,100,79.25999999999999,86.51368627669804,low
XS_0179,4475.0,100,88.55999999999995,86.31411570753167,low
XS_0180,4500.0,100,96.58999999999992,86.4386953680702,low
XS_0181,4525.0,100,102.59433432847152,86.92926174001184,low
XS_0182,4550.0,100,102.91209962854646,87.90415918461498,low
XS_0183,4575.0,100,90.15300000000002,87.59595348814376,low
XS_0184,4600.0,100,93.99000000000001,86.00593901583427,low
XS_0185,4625.0,100,97.35341983415697,86.00593901583427,low
XS_0186,4650.0,100,60.568395911151015,84.67725053772094,low
XS_0187,4675.0,100,63.01272425963134,84.7507804038551,low
XS_0188,4700.0,100,95.9000000000002,87.34097215855988,low
XS_0189,4725.0,100,105.75719963973302,87.475822661867,low
XS_0190,4750.0,100,109.88721173090289,87.56224037627139,low
XS_0191,4775.0,100,31.412153133733455,81.50980739107831,low
XS_0192,4800.0,100,28.436999999999898,81.50980739107831,low
XS_0193,4825.0,100,28.0,82.05032266610823,low
XS_0194,4850.0,100,6.468000000000075,57.34309167254225,low
XS_0195,4875.0,100,16.933430980304706,78.41895030617744,low
XS_0196,4900.0,100,17.93810360319162,80.33630329796061,low
XS_0197,4925.0,100,18.354000000000156,80.62486213768177,low
XS_0198,4950.0,100,23.100000000000136,80.90103378045839,low
XS_0199,4975.0,100,45.12731414251539,84.49461909187701,low
XS_0200,5000.0,100,42.35544124692274,84.25094199019973,low
XS_0201,5025.0,100,66.5,85.73147196019613,low
XS_0202,5050.0,100,68.47400000000005,85.82310955417351,low
XS_0203,5075.0,100,84.01073486952305,87.89124312261912,low
XS_0204,5100.0,100,135.4334988017156,88.19562787090734,low
XS_0205,5125.0,100,82.72501371786745,87.80414841177556,low
XS_0206,5150.0,100,86.44200000000023,87.71359338200706,low
XS_0207,5175.0,100,83.481,87.62234145616105,low
XS_0208,5200.0,100,74.34138896871309,87.09446124802196,low
XS_0209,5225.0,100,72.5253081803819,87.10141648312523,low
XS_0210,5250.0,100,68.99200000000019,85.47004664653277,low
XS_0211,5275.0,100,73.06572525776471,85.57404392596042,low
XS_0212,5300.0,100,76.32471928686846,85.6064291345354,low
XS_0213,5325.0,100,80.67474677604173,85.86675017790353,low
XS_0214,5350.0,100,80.74499999999989,85.94730131320642,low
XS_0215,5375.0,100,79.26300164883423,86.03021423953953,low
XS_0216,5400.0,100,70.60674280570527,87.25796866725673,low
XS_0217,5425.0,100,68.5028407808818,87.20246999803851,low
XS_0218,5450.0,100,66.49999999999989,87.15185452824275,low
XS_0219,5475.0,100,66.53399999999976,87.15138762269738,low
XS_0220,5500.0,100,76.59442071358228,87.59661942763341,low
XS_0221,5525.0,100,78.13300000000015,87.52135235177542,low
XS_0222,5550.0,100,77.09000000000015,87.44862513512345,low
XS_0223,5575.0,100,75.41600000000017,87.37150414298117,low
XS_0224,5600.0,100,64.332,85.14822464662346,low
XS_0225,5625.0,100,32.81700000000001,82.45187897455881,low
XS_0226,5650.0,100,32.41200000000026,82.20634992998828,low
XS_0227,5675.0,100,32.25,82.03365159803448,low
XS_0228,5700.0,100,24.486754712337188,81.4693672859705,low
XS_0229,5725.0,100,28.39539423135261,81.56605690594388,low
XS_0230,5750.0,100,28.445000000000164,81.92879480022224,low
XS_0231,5775.0,100,25.5,82.0081488676014,low
XS_0232,5800.0,100,23.144000000000005,82.41417349669223,low
XS_0233,5825.0,100,35.847787719575535,82.73470255630701,low
XS_0234,5850.0,100,27.246276079025733,77.78672345350358,low
XS_0235,5875.0,100,26.643421505163587,77.78672345350348,low
XS_0236,5900.0,100,28.639999999999873,81.78888973036428,low
XS_0237,5925.0,100,29.450000000000045,82.21676679141596,low
XS_0238,5950.0,100,23.25,82.57417897984618,low
XS_0239,5975.0,100,24.600000000000023,82.977508441289,low
XS_0240,6000.0,100,30.561742805621407,84.28773761784501,low
XS_0241,6025.0,100,58.39999999999998,85.24109532457776,low
XS_0242,6050.0,100,67.7025488602294,85.41658573229756,low
XS_0243,6075.0,100,61.200026829630815,85.4165857322673,low
XS_0244,6100.0,100,58.799999999999955,85.41658573229756,low
XS_0245,6125.0,100,25.777999999999906,78.86796373277271,low
XS_0246,6150.0,100,28.43200000000013,79.53875624149237,low
XS_0247,6175.0,100,32.659999999999854,79.18310821938447,low
XS_0248,6200.0,100,32.299999999999955,78.93800632237588,low
XS_0249,6225.0,100,35.95999999999992,78.54908146625426,low
XS_0250,6250.0,100,35.60000000000002,78.27445776206223,low
XS_0251,6275.0,100,35.24000000000001,77.98653616151185,low
XS_0252,6300.0,100,35.000000000000114,77.78672345353347,low
XS_0253,6325.0,100,23.382445094254194,77.78672345353326,low
XS_0254,6350.0,100,26.899999999999977,79.34063194780036,low
XS_0255,6375.0,100,25.90000000000009,79.34063194781629,low
XS_0256,6400.0,100,26.666000000000054,79.3406319478003,low
XS_0257,6425.0,100,26.964000000000055,79.34063194781629,low
XS_0258,6450.0,100,43.14200000000005,85.33048512377471,low
XS_0259,6475.0,100,29.508485061697,79.34063194786914,low
XS_0260,6500.0,100,27.05600000000004,79.3406319478919,low
XS_0261,6525.0,100,26.76800000000003,79.3406319478918,low
XS_0262,6550.0,100,39.89999999999998,85.33048512381552,low
XS_0263,6575.0,100,46.50975399560559,85.33048512381555,low
XS_0264,6600.0,100,51.594438850273946,86.46805879131006,low
XS_0265,6625.0,100,41.993000000000166,85.79706949164327,low
XS_0266,6650.0,100,36.25800000000004,85.1162305495061,low
XS_0267,6675.0,100,9.028999999999996,69.71825088289529,low
XS_0268,6700.0,100,8.713999999999942,68.86757349848637,low
XS_0269,6725.0,100,55.46499999999992,86.82334002446967,low
XS_0270,6750.0,100,57.03710723942959,86.94494793045642,low
XS_0271,6775.0,100,59.65084144481705,87.07394154265528,low
XS_0272,6800.0,100,83.43349880143387,86.81740699777686,low
XS_0273,6825.0,100,76.78732209222267,84.73753574620775,low
XS_0274,6850.0,100,73.99574313537926,84.73753574620775,low
XS_0275,6875.0,100,54.124999999999886,84.75038784686683,low
XS_0276,6900.0,100,45.518762332088045,84.98111347164377,low
XS_0277,6925.0,100,47.82400000000007,85.28263503469601,low
XS_0278,6950.0,100,50.33299999999997,86.51109739684212,low
XS_0279,6975.0,100,48.20499999999993,86.35736160742127,low
XS_0280,7000.0,100,67.5662815749613,87.41806498981317,low
XS_0281,7025.0,100,68.62477103343417,87.41806498981317,low
XS_0282,7050.0,100,67.20000000000016,87.41806498981317,low
XS_0283,7075.0,100,67.20000000000016,86.9025999100882,low
XS_0284,7100.0,100,30.802999999999997,84.25114496022145,low
XS_0285,7125.0,100,33.66918240381506,84.25114496022145,low
XS_0286,7150.0,100,30.800000000000068,84.25114496022145,low
XS_0287,7175.0,100,30.908999999999992,82.54850917814053,low
XS_0288,7200.0,100,28.692999999999984,82.7418218734858,low
XS_0289,7225.0,100,34.03897485894072,83.04407748511161,low
XS_0290,7250.0,100,33.138999999999896,83.18648506103689,low
XS_0291,7275.0,100,39.75599999999997,81.61000609798106,low
XS_0292,7300.0,100,40.377000000000066,81.49949145022921,low
XS_0293,7325.0,100,40.92341410516758,85.69746042036027,low
XS_0294,7350.0,100,41.17964149315503,85.56606127747096,low
XS_0295,7375.0,100,47.941000000000145,85.4581030202443,low
XS_0296,7400.0,100,47.083000000000084,85.35181484870274,low
XS_0297,7425.0,100,45.246000000000095,85.08464576507706,low
XS_0298,7450.0,100,44.220000000000255,84.96696230480016,low
XS_0299,7475.0,100,41.180000000000064,84.84809890395344,low
XS_0300,7500.0,100,33.32800000000009,84.65153952835331,low
XS_0301,7525.0,100,40.13154849955072,85.45672130662084,low
XS_0302,7550.0,100,43.28477898291817,83.40403416454689,low
XS_0303,7575.0,100,38.69999999999993,82.1220067778645,low
XS_0304,7600.0,100,26.767999999999915,73.90184481276276,low
XS_0305,7625.0,100,27.431999999999903,73.90184481276304,low
XS_0306,7650.0,100,19.93816781492592,74.72360191841393,low
XS_0307,7675.0,100,27.92700000000002,83.68604871682699,low
XS_0308,7700.0,100,30.095000000000027,83.94655916657752,low
XS_0309,7725.0,100,35.25696788088749,84.2465858086429,low
XS_0310,7750.0,100,35.225565546882535,84.51918979165542,low
XS_0311,7775.0,100,31.505826077571896,84.11521700644882,low
XS_0312,7800.0,100,51.799999999999955,84.11521700645831,low
XS_0313,7825.0,100,51.799999999999955,86.6062528836481,low
XS_0314,7850.0,100,31.793999999999983,84.55555502568744,low
XS_0315,7875.0,100,33.64271499549466,84.85308181714103,low
XS_0316,7900.0,100,34.261999999999944,84.09527409101564,low
XS_0317,7925.0,100,28.9670000000001,82.97043594144314,low
XS_0318,7950.0,100,32.22000000000003,83.32672693361427,low
XS_0319,7975.0,100,32.000585028676255,83.32672693361427,low
XS_0320,8000.0,100,31.920000000000073,83.3267269336229,low
XS_0321,8025.0,100,55.42000000000007,85.8732562319378,low
XS_0322,8050.0,100,31.92999999999995,82.52650271205907,low
XS_0323,8075.0,100,5.866000000000099,62.67968319200085,low
XS_0324,8100.0,100,5.614000000000146,61.64088687159296,low
XS_0325,8125.0,100,5.299000000000092,60.23635019400468,low
XS_0326,8150.0,100,13.326000000000022,76.47716912656382,low
XS_0327,8175.0,100,9.317000000000121,71.9831686756124,low
XS_0328,8200.0,100,11.72400000000016,74.93226415669271,low
XS_0329,8225.0,100,30.100000000000023,82.05032266610519,low
XS_0330,8250.0,100,31.507814628348115,80.85829578843736,low
XS_0331,8275.0,100,33.19894079673816,82.84182807441644,low
XS_0332,8300.0,100,30.100000000000023,81.27476091087424,low
XS_0333,8325.0,100,30.100000000000023,81.32032129280182,low
XS_0334,8350.0,100,26.309999999999945,80.98489992141474,low
XS_0335,8375.0,100,23.057999999999993,74.86037565658133,low
XS_0336,8400.0,100,21.34355378898408,66.59219265070979,low
XS_0337,8425.0,100,16.399999999999977,69.45605071914007,low
XS_0338,8450.0,100,16.399999999999977,78.2666438051473,low
XS_0339,8475.0,100,13.840000000000146,77.64983893376147,low
XS_0340,8500.0,100,13.120000000000118,76.99455897105683,low
XS_0341,8525.0,100,13.150000000000091,76.29914873125755,low
XS_0342,8550.0,100,14.17599999999993,77.55045148550421,low
XS_0343,8575.0,100,17.163014487618852,79.20364059213344,low
XS_0344,8600.0,100,10.985000000000014,61.58104784779432,low
XS_0345,8625.0,100,14.0,61.51237638966689,low
XS_0346,8650.0,100,14.0,59.49301573146368,low
XS_0347,8675.0,100,24.9849999999999,82.74393387634926,low
XS_0348,8700.0,100,11.82000000000005,61.5810478477066,low
XS_0349,8725.0,100,13.294091155878505,63.81394016154365,low
XS_0350,8750.0,100,11.576881394657676,73.63277285751492,low
XS_0351,8775.0,100,9.180000000000064,67.03186548185136,low
XS_0352,8800.0,100,9.490000000000009,67.70369581705012,low
XS_0353,8825.0,100,13.37299999999982,68.18356522414429,low
XS_0354,8850.0,100,14.098999999999933,68.65168114932176,low
XS_0355,8875.0,100,13.242000000000075,64.82150297885866,low
XS_0356,8900.0,100,10.170000000000073,65.3054420430994,low
XS_0357,8925.0,100,10.055999999999926,65.77223324085467,low
XS_0358,8950.0,100,10.096940083964,69.82277283477634,low
XS_0359,8975.0,100,12.919999999999959,69.30126552661312,low
XS_0360,9000.0,100,11.444000000000074,68.8675734985827,low
XS_0361,9025.0,100,11.245999999999981,68.18356522419954,low
XS_0362,9050.0,100,8.95699999999988,59.638560952459116,low
XS_0363,9075.0,100,7.930999999999926,58.8677306907875,low
XS_0364,9100.0,100,5.600000000000023,58.21375857951942,low
XS_0365,9125.0,100,3.2530000000000427,37.497223517097616,low
XS_0366,9150.0,100,9.8900000000001,66.5921926506665,low
XS_0367,9175.0,100,9.800000000000068,66.59219265068697,low
XS_0368,9200.0,100,7.0,54.18952433978501,low
XS_0369,9225.0,100,7.02800000000002,54.111702158908095,low
XS_0370,9250.0,100,7.273000000000025,55.59610121700626,low
XS_0371,9275.0,100,5.488000000000056,61.09388486718326,low
XS_0372,9300.0,100,5.740000000000009,62.169200910130385,low
XS_0373,9325.0,100,9.483932147679752,71.49326560973043,low
XS_0374,9350.0,100,16.404252467776928,75.71342344075059,low
XS_0375,9375.0,100,16.167999999999893,75.71342344075046,low
XS_0376,9400.0,100,16.09999999999991,75.71342344073717,low
XS_0377,9425.0,100,16.09999999999991,72.81762793280387,low
XS_0378,9450.0,100,17.454812284575382,78.98632445447605,low
XS_0379,9475.0,100,14.991999999999962,78.06143337426032,low
XS_0380,9500.0,100,13.215000000000032,76.61533595542677,low
XS_0381,9525.0,100,12.030000000000086,75.86158579728999,low
XS_0382,9550.0,100,21.289999999999964,75.2255739284446,low
XS_0383,9575.0,100,20.61500000000001,74.34742260308857,low
XS_0384,9600.0,100,20.299999999999955,73.9018448128216,low
XS_0385,9625.0,100,25.199999999999932,76.47716912661588,low
XS_0386,9650.0,100,25.4079999999999,78.16889072469593,low
XS_0387,9675.0,100,26.17999999999995,78.13861192622822,low
XS_0388,9700.0,100,26.384000000000242,77.52403468611485,low
XS_0389,9725.0,100,10.500000000000114,73.90184481271895,low
XS_0390,9750.0,100,13.893020863112497,77.53489106681127,low
XS_0391,9775.0,100,18.573154527771976,77.79618901196814,low
XS_0392,9800.0,100,12.43553788984616,75.27188218805034,low
XS_0393,9825.0,100,11.200000000000045,72.81762793272848,low
XS_0394,9850.0,100,2.2680000000002565,34.72195926899288,low
XS_0395,9875.0,100,1.7300000000000182,29.72204593422617,low
XS_0396,9900.0,100,1.6579999999999018,28.6848330507412,low
XS_0397,9925.0,100,1.5860000000000127,27.62666062606581,low
XS_0398,9950.0,100,2.9140000000002146,26.547630612684877,low
XS_0399,9975.0,100,0.8740000000000236,16.08861917124707,low
XS_0400,10000.0,100,1.7000000000000455,18.314027195401962,low
XS_0401,10025.0,100,1.400000000000091,24.796937085429565,low
XS_0402,10050.0,100,3.33199999999988,45.78962284590749,low
XS_0403,10075.0,100,3.104000000000042,36.15261127481584,low
XS_0404,10100.0,100,2.645999999999958,34.72195926912948,low
XS_0405,10125.0,100,2.400000000000091,25.954502997136814,low
XS_0406,10150.0,100,2.1240000000000236,25.16977007824107,low
XS_0407,10175.0,100,2.616000000000213,39.2402313081056,low
XS_0408,10200.0,100,2.099999999999909,34.7219592690769,low
XS_0409,10225.0,100,1.8559999999999945,31.48663605842228,low
XS_0410,10250.0,100,0.8830000000000382,16.245594573452756,low
XS_0411,10275.0,100,0.8470000000002074,15.616209270359189,low
XS_0412,10300.0,100,0.8020000000001346,14.824023218077624,low
XS_0413,10325.0,100,0.7029999999999745,13.061007388116241,low
XS_0414,10350.0,100,14.0,77.7867234535416,low
XS_0415,10375.0,100,14.0,77.78672345356449,low
XS_0416,10400.0,100,9.100000000000023,66.59219265066884,low
XS_0417,10425.0,100,10.100000000000023,66.59219265062927,low
XS_0418,10450.0,100,10.100000000000023,66.59219265066923,low
XS_0419,10475.0,100,9.799999999999955,66.59219265066905,low
XS_0420,10500.0,100,9.948999999999842,66.68139386534658,low
XS_0421,10525.0,100,10.800000000000068,67.45617340760774,low
XS_0422,10550.0,100,10.979999999999905,67.9461103974609,low
XS_0423,10575.0,100,11.159999999999968,68.41620305704262,low
XS_0424,10600.0,100,10.5,66.5921926506277,low
XS_0425,10625.0,100,3.5,42.737933186194326,low
XS_0426,10650.0,100,3.437000000000012,46.009390081849354,low
XS_0427,10675.0,100,2.961820586070303,43.58656669827066,low
XS_0428,10700.0,100,22.399999999999977,82.29571919989952,low
XS_0429,10725.0,100,20.300000000000068,78.35203655798381,low
XS_0430,10750.0,100,21.299999999999955,78.35203655798381,low
XS_0431,10775.0,100,9.296965726538815,68.51808763867663,low
XS_0432,10800.0,100,20.40605755499587,79.98371312965352,low
XS_0433,10825.0,100,16.100000000000023,78.14499909831677,low
XS_0434,10850.0,100,18.899999999999977,79.34063194783114,low
XS_0435,10875.0,100,17.910000000000082,80.09728664901864,low
XS_0436,10900.0,100,12.616654112324113,75.48949425560303,low
XS_0437,10925.0,100,10.853628922525331,74.06851540567436,low
XS_0438,10950.0,100,5.173000000000002,56.33635838312412,low
XS_0439,10975.0,100,4.899999999999977,57.35409925504547,low
XS_0440,11000.0,100,6.899999999999977,58.62854769027042,low
XS_0441,11025.0,100,5.339999999999918,58.00266214387624,low
XS_0442,11050.0,100,5.439999999999941,57.02097852224878,low
XS_0443,11075.0,100,5.8599999999999,55.806238438146195,low
XS_0444,11100.0,100,5.904999999999973,56.073121259896254,low
XS_0445,11125.0,100,9.550000000000068,58.16121852626747,low
XS_0446,11150.0,100,8.319999999999936,55.9371740003105,low
XS_0447,11175.0,100,3.975999999999999,52.05289227265477,low
XS_0448,11200.0,100,3.9880000000000564,52.56180004890355,low
XS_0449,11225.0,100,11.32127333096355,61.61372383022449,low
XS_0450,11250.0,100,9.08936443373318,69.20733658512428,low
XS_0451,11275.0,100,5.899999999999977,58.266143598260825,low
XS_0452,11300.0,100,7.480000000000018,67.94611039750646,low
XS_0453,11325.0,100,10.799999999999955,71.63867775709808,low
XS_0454,11350.0,100,10.799999999999955,72.29091725446996,low
XS_0455,11375.0,100,11.0,73.18917682447852,low
XS_0456,11400.0,100,5.807999999999993,61.57248051523164,low
XS_0457,11425.0,100,14.948000000000093,74.86037565660789,low
XS_0458,11450.0,100,19.340000000000032,75.29290079806914,low
XS_0459,11475.0,100,21.490999999999985,74.76695741932765,low
XS_0460,11500.0,100,22.832831094577386,76.92842480520908,low
XS_0461,11525.0,100,22.47199999999998,81.95443196561422,low
XS_0462,11550.0,100,24.497999999999934,82.33561043717042,low
XS_0463,11575.0,100,25.700331083752076,82.68893072876216,low
XS_0464,11600.0,100,23.340168153529817,82.55424216532998,low
XS_0465,11625.0,100,19.600000000000136,79.77520600988386,low
XS_0466,11650.0,100,18.899999999999977,80.89109321871743,low
XS_0467,11675.0,100,19.26400000000001,81.02833027823696,low
XS_0468,11700.0,100,22.53670305798039,81.25700771457555,low
XS_0469,11725.0,100,21.63000000000011,75.05773409714418,low
XS_0470,11750.0,100,11.625000000000114,75.38976631938841,low
XS_0471,11775.0,100,12.030000000000086,75.86158579721884,low
XS_0472,11800.0,100,12.300000000000068,76.15988311527873,low
XS_0473,11825.0,100,10.500000000000114,70.11943495905373,low
XS_0474,11850.0,100,8.380000000000223,70.11943495898697,low
XS_0475,11875.0,100,8.830000000000041,71.0586674688728,low
XS_0476,11900.0,100,9.280000000000086,71.91600255996246,low
XS_0477,11925.0,100,6.2999999999999545,57.96742217236,low
XS_0478,11950.0,100,7.7000000000000455,68.51808763859532,low
XS_0479,11975.0,100,16.024,75.91105344676457,low
XS_0480,12000.0,100,16.878999999999905,76.71989964398615,low
XS_0481,12025.0,100,16.16678628182774,77.43500900851865,low
XS_0482,12050.0,100,16.93999999999994,78.09371107412586,low
XS_0483,12075.0,100,15.5,71.23634481423376,low
XS_0484,12100.0,100,18.200000000000045,71.91600256000548,low
XS_0485,12125.0,100,20.466854266050177,74.86037565664405,low
XS_0486,12150.0,100,20.541461789177333,77.16470469467724,low
XS_0487,12175.0,100,20.61999999999989,77.16470469467724,low
XS_0488,12200.0,100,14.0,77.16470469467724,low
XS_0489,12225.0,100,6.043000000000006,59.782854738160204,low
XS_0490,12250.0,100,8.899999999999977,66.19194038487663,low
XS_0491,12275.0,100,4.866000000000099,58.087400850772205,low
XS_0492,12300.0,100,4.974000000000046,58.64903212217853,low
XS_0493,12325.0,100,5.136000000000081,59.45887356845813,low
XS_0494,12350.0,100,13.453249499966319,68.89848953793344,low
XS_0495,12375.0,100,10.363864950469406,69.81425017099941,low
XS_0496,12400.0,100,14.475999999999999,61.58104784779072,low
XS_0497,12425.0,100,14.52800000000002,63.0377342530106,low
XS_0498,12450.0,100,18.668999999999983,77.77316961740996,low
XS_0499,12475.0,100,30.94569129640638,79.49580303321693,low
XS_0500,12500.0,100,20.501023830990334,81.57348946938063,low
XS_0501,12525.0,100,19.48800000000017,81.16152579663512,low
XS_0502,12550.0,100,18.543000000000234,80.71874728359826,low
XS_0503,12575.0,100,18.807408156243355,79.66026077592397,low
XS_0504,12600.0,100,18.0593922306806,80.0045644436145,low
XS_0505,12625.0,100,16.927999999999997,78.72088009485898,low
XS_0506,12650.0,100,16.138999999999896,79.24864088963668,low
XS_0507,12675.0,100,17.85699999999997,79.44632439555237,low
XS_0508,12700.0,100,21.59800000000007,80.35762760824547,low
XS_0509,12725.0,100,21.885999999999967,80.05911560562147,low
XS_0510,12750.0,100,17.03046276962823,79.86665887126263,low
XS_0511,12775.0,100,16.88499999999999,79.57169053056643,low
XS_0512,12800.0,100,17.73828038340514,70.34817070139908,low
XS_0513,12825.0,100,15.695471699613108,69.6652651900481,low
XS_0514,12850.0,100,20.620000000000005,69.30126552647755,low
XS_0515,12875.0,100,20.799999999999955,77.1647046945769,low
XS_0516,12900.0,100,15.620000000000005,73.90184481281945,low
XS_0517,12925.0,100,8.834673282480026,70.52132757430151,low
XS_0518,12950.0,100,5.740000000000123,58.37045092288871,low
XS_0519,12975.0,100,5.403864620671698,56.872128135128534,low
XS_0520,13000.0,100,12.586999999999989,73.90184481278982,low
XS_0521,13025.0,100,7.0,64.3124231733645,low
XS_0522,13050.0,100,7.0,64.31242317336388,low
XS_0523,13075.0,100,7.7000000000000455,58.266143598414196,low
XS_0524,13100.0,100,7.7000000000000455,60.236350194154504,low
XS_0525,13125.0,100,5.9920000000000755,49.37183579525247,low
XS_0526,13150.0,100,6.059999999999945,52.77042079028404,low
XS_0527,13175.0,100,9.60200000000009,72.3240971292352,low
XS_0528,13200.0,100,9.352999999999952,69.47233751156557,low
XS_0529,13225.0,100,6.685000000000059,65.61526630009566,low
XS_0530,13250.0,100,8.701169564774773,66.74355712468012,low
XS_0531,13275.0,100,6.5857586915010415,62.22711675344546,low
XS_0532,13300.0,100,9.893000000000029,61.58104784777004,low
XS_0533,13325.0,100,10.216000000000008,60.11944680612985,low
XS_0534,13350.0,100,11.34699999999998,65.39424564787886,low
XS_0535,13375.0,100,12.379000000000019,64.62501209907136,low
XS_0536,13400.0,100,10.884000000000015,63.14230466307889,low
XS_0537,13425.0,100,10.596000000000004,61.98677929892378,low
XS_0538,13450.0,100,10.523082208149617,60.36351542040142,low
XS_0539,13475.0,100,11.220000000000027,64.50643796865205,low
XS_0540,13500.0,100,11.375999999999976,74.816401318114,low
XS_0541,13525.0,100,12.740000000000009,74.91691567404294,low
XS_0542,13550.0,100,12.169999999999959,75.22557392833023,low
XS_0543,13575.0,100,11.766000000000076,75.48657902334513,low
XS_0544,13600.0,100,9.799999999999955,71.36138759072703,low
XS_0545,13625.0,100,9.923844175109025,70.96200188768223,low
XS_0546,13650.0,100,9.100000000000136,70.57909266693275,low
XS_0547,13675.0,100,8.433000000000106,70.23467465767298,low
XS_0548,13700.0,100,1.400000000000091,24.79693708553685,low
XS_0549,13725.0,100,1.400000000000091,24.796937085412246,low
XS_0550,13750.0,100,10.5,64.3901539016525,low
XS_0551,13775.0,100,11.196000000000026,68.5180876386803,low
XS_0552,13800.0,100,3.5,43.153304546720406,low
XS_0553,13825.0,100,3.5,42.29623887867649,low
XS_0554,13850.0,100,3.6499999999999773,37.81718421025806,low
XS_0555,13875.0,100,3.875,51.974105952967385,low
XS_0556,13900.0,100,4.055000000000064,53.22922396762377,low
XS_0557,13925.0,100,4.355847745534447,54.73085033866853,low
XS_0558,13950.0,100,9.799999999999955,68.51808763868,low
XS_0559,13975.0,100,9.799999999999955,68.51808763850549,low
XS_0560,14000.0,100,9.799999999999955,64.31242317335739,low
XS_0561,14025.0,100,3.5,49.113957641223,low
XS_0562,14050.0,100,4.272000000000162,49.52368206271359,low
XS_0563,14075.0,100,4.542000000000257,51.25237532438226,low
XS_0564,14100.0,100,4.200000000000159,54.18952433974868,low
XS_0565,14125.0,100,4.200000000000159,54.1895243397984,low
XS_0566,14150.0,100,0.7570000000001755,14.025997176420633,low
XS_0567,14175.0,100,7.424000000000092,67.79586687452228,low
XS_0568,14200.0,100,7.886724928001854,68.8139712961324,low
XS_0569,14225.0,100,7.951411119647219,68.86709108223218,low
XS_0570,14250.0,100,7.663999999999987,67.87659539718122,low
XS_0571,14275.0,100,7.102519568177968,63.00229843506594,low
XS_0572,14300.0,100,6.830000000000041,59.45887356834404,low
XS_0573,14325.0,100,5.984000000000151,55.32257731234934,low
XS_0574,14350.0,100,6.398000000000138,56.9085945344603,low
XS_0575,14375.0,100,6.416000000000167,56.60174300920999,low
XS_0576,14400.0,100,6.039090359866236,55.626989557666604,low
XS_0577,14425.0,100,5.711999999999989,54.459612093056954,low
XS_0578,14450.0,100,7.7000000000000455,54.12469285148159,low
XS_0579,14475.0,100,7.700000000000159,60.68669724609364,low
XS_0580,14500.0,100,7.700000000000159,65.4106250721431,low
XS_0581,14525.0,100,7.700000000000159,64.9915351262134,low
XS_0582,14550.0,100,10.500000000000114,68.51808763862572,low
XS_0583,14575.0,100,8.400000000000091,61.58104784776846,low
XS_0584,14600.0,100,3.5680000000000973,49.65874979765501,low
XS_0585,14625.0,100,2.1000000000001364,34.721959269037974,low
XS_0586,14650.0,100,2.2737367544323206e-13,2.149546075918932e-12,low
XS_0587,14675.0,100,2.2737367544323206e-13,2.149546075920867e-12,low
XS_0588,14700.0,100,1.400000000000091,13.00716972667821,low
XS_0589,14725.0,100,1.52900000000011,15.300051009768865,low
XS_0590,14750.0,100,2.3999999999999773,17.543829023536443,low
XS_0591,14775.0,100,4.111999999999966,34.92582664547296,low
XS_0592,14800.0,100,3.316000000000031,36.11561207728043,low
XS_0593,14825.0,100,3.1240000000000236,40.80338669352496,low
XS_0594,14850.0,100,1.7000000000000455,18.467257565154615,low
XS_0595,14875.0,100,0.8830000000001519,16.2455945734765,low
XS_0596,14900.0,100,2.29200000000003,26.683644999522382,low
XS_0597,14925.0,100,2.1639999999999873,24.796937085548542,low
XS_0598,14950.0,100,2.1000000000000227,24.796937085546464,low
XS_0599,14975.0,100,2.1000000000001364,24.796937085546872,low
XS_0600,15000.0,100,2.1000000000001364,34.721959269119736,low
XS_0601,15025.0,100,0.8830000000001519,16.245594573476424,low
XS_0602,15050.0,100,0.8380000000000791,15.458250750019477,low
XS_0603,15075.0,100,0.9370000000002392,17.18213177237412,low
XS_0604,15100.0,100,1.7000000000000455,17.388990816597186,low
XS_0605,15125.0,100,1.649000000000001,24.796937085363684,low
XS_0606,15150.0,100,0.97300000000007,17.801304993630684,low
XS_0607,15175.0,100,3.1000000000000227,34.72195926889268,low
XS_0608,15200.0,100,3.1000000000000227,35.5564261618822,low
XS_0609,15225.0,100,2.244000000000028,36.52068795290935,low
XS_0610,15250.0,100,2.3519999999999754,37.81718421003521,low
XS_0611,15275.0,100,2.48700000000008,39.376068486153294,low
XS_0612,15300.0,100,2.5950000000000273,40.575096841731764,low
XS_0613,15325.0,100,2.7029999999999745,41.73264267924224,low
XS_0614,15350.0,100,3.2889999999999873,46.064060617831,low
XS_0615,15375.0,100,3.0819999999999936,42.737933186095574,low
XS_0616,15400.0,100,1.3360000000000127,18.314027195355177,low
XS_0617,15425.0,100,2.084117185163336,33.60906324747879,low
XS_0618,15450.0,100,1.7840000000001055,30.48617292137614,low
XS_0619,15475.0,100,1.7120000000001028,29.46471098974882,low
XS_0620,15500.0,100,1.6220000000001846,28.158361840838484,low
XS_0621,15525.0,100,1.82000000000005,30.989027390917606,low
XS_0622,15550.0,100,3.7999999999999545,34.721959269152755,low
XS_0623,15575.0,100,3.7999999999999545,34.721959269152755,low
XS_0624,15600.0,100,3.091000000000008,34.721959269154205,low
XS_0625,15625.0,100,0.9460000000002537,17.337319661981514,low
XS_0626,15650.0,100,0.9730000000001837,17.801304993797256,low
XS_0627,15675.0,100,1.4829999999999472,16.767028902343636,low
XS_0628,15700.0,100,2.3999999999999773,24.7969370855125,low
XS_0629,15725.0,100,1.0,0.5672096869254394,low
XS_0630,15750.0,100,2.3999999999999773,29.11955601218292,low
XS_0631,15775.0,100,1.7300000000001319,29.72204593418938,low
XS_0632,15800.0,100,1.400000000000091,24.796937085469125,low
XS_0633,15825.0,100,1.0,0.5672096869254394,low
XS_0634,15850.0,100,1.567000000000121,15.035853805662414,low
XS_0635,15875.0,100,1.8920000000001664,31.979006688884553,low
XS_0636,15900.0,100,1.9460000000000264,32.70776548419968,low
XS_0637,15925.0,100,1.9820000000000846,33.18709390452743,low
XS_0638,15950.0,100,3.5000000000001137,34.721959268982374,low
XS_0639,15975.0,100,3.5000000000001137,34.72195926916804,low
XS_0640,16000.0,100,1.7840000000001055,30.486172921213843,low
XS_0641,16025.0,100,1.6940000000000737,29.20606345469253,low
XS_0642,16050.0,100,1.6760000000001583,28.946103882946613,low
XS_0643,16075.0,100,1.8380000000000791,31.238487034968404,low
XS_0644,16100.0,100,2.08400000000006,32.38532190200853,low
XS_0645,16125.0,100,1.7000000000000455,13.007169726750098,low
XS_0646,16150.0,100,1.0,0.5672096869246575,low
XS_0647,16175.0,100,1.7000000000000455,13.758733251988561,low
XS_0648,16200.0,100,1.7000000000000455,18.160525069035668,low
XS_0649,16225.0,100,0.901000000000181,16.55879292536398,low
XS_0650,16250.0,100,0.8110000000002628,14.982935348720249,low
XS_0651,16275.0,100,0.7750000000002046,14.345892789211469,low
XS_0652,16300.0,100,1.0,13.007169726731751,low
XS_0653,16325.0,100,1.0,12.8275424357868,low
XS_0654,16350.0,100,4.488613010283757,52.80954669512245,low
XS_0655,16375.0,100,3.82000000000005,51.575980092823706,low
XS_0656,16400.0,100,3.6760000000001583,50.49960581447782,low
XS_0657,16425.0,100,3.4988778684253248,43.125171759047426,low
XS_0658,16450.0,100,3.3980000000000246,42.046984491403386,low
XS_0659,16475.0,100,3.2420000000000755,37.21049285302808,low
XS_0660,16500.0,100,2.866000000000099,34.72195926912426,low
XS_0661,16525.0,100,0.7000000000001592,13.007169726761294,low
XS_0662,16550.0,100,0.7000000000001592,13.007169726729769,low
XS_0663,16575.0,100,2.84800000000007,34.72195926907508,low
XS_0664,16600.0,100,2.8570000000000846,34.72195926907508,low
XS_0665,16625.0,100,2.8750000000001137,34.72195926907521,low
XS_0666,16650.0,100,2.893000000000029,42.73793318629003,low
XS_0667,16675.0,100,3.7999999999999545,42.73793318617101,low
XS_0668,16700.0,100,3.7999999999999545,42.73793318628861,low
XS_0669,16725.0,100,1.0,0.567209686925716,low
XS_0670,16750.0,100,2.2737367544323206e-13,2.149546075923851e-12,low
XS_0671,16775.0,100,0.7000000000001592,13.007169726700601,low
XS_0672,16800.0,100,0.7000000000001592,13.007169726725115,low
XS_0673,16825.0,100,2.2737367544323206e-13,2.149546075926976e-12,low
XS_0674,16850.0,100,0.748000000000161,13.865712787615928,low
XS_0675,16875.0,100,0.7300000000001319,13.54448106789896,low
XS_0676,16900.0,100,0.7120000000001028,13.222379284275563,low
XS_0677,16925.0,100,0.7000000000001592,13.007169726724996,low
XS_0678,16950.0,100,2.2737367544323206e-13,2.149546075926976e-12,low
XS_0679,16975.0,100,2.2737367544323206e-13,2.149546075926976e-12,low
XS_0680,17000.0,100,0.7300000000001319,13.54448106787461,low
XS_0681,17025.0,100,2.2737367544323206e-13,2.149546075910101e-12,low
XS_0682,17050.0,100,0.7000000000001592,13.007169726626358,low
XS_0683,17075.0,100,0.7000000000001592,13.007169726626417,low
XS_0684,17100.0,100,0.7000000000001592,13.007169726626358,low
XS_0685,17125.0,100,0.7000000000001592,13.007169726626358,low
XS_0686,17150.0,100,0.7000000000001592,13.007169726626476,low
XS_0687,17175.0,100,2.2737367544323206e-13,2.149546075910101e-12,low
XS_0688,17200.0,100,2.2737367544323206e-13,2.1495460759125608e-12,low
XS_0689,17225.0,100,2.2737367544323206e-13,2.149546075934133e-12,low
XS_0690,17250.0,100,2.2737367544323206e-13,2.1495460759151413e-12,low
XS_0691,17275.0,100,0.7000000000001592,13.00716972665582,low
XS_0692,17300.0,100,0.7000000000001592,13.00716972665582,low
XS_0693,17325.0,100,2.730000000000132,42.01568936373307,low
XS_0694,17350.0,100,2.7840000000001055,42.57431084937928,low
XS_0695,17375.0,100,2.838000000000193,43.1231012565738,low
XS_0696,17400.0,100,2.8920000000001664,43.6622197724773,low
XS_0697,17425.0,100,12.883000000000038,76.76365668596819,low
XS_0698,17450.0,100,12.912999999999897,76.79332900912918,low
XS_0699,17475.0,100,15.400000000000091,76.47716912650347,low
XS_0700,17500.0,100,16.341851518187468,76.47716912650347,low
XS_0701,17525.0,100,3.9279999999998836,49.89528853124548,low
XS_0702,17550.0,100,15.480000000000018,76.47716912650347,low
XS_0703,17575.0,100,16.564000000000078,77.01368266434336,low
XS_0704,17600.0,100,17.355999999999995,71.65367558040491,low
XS_0705,17625.0,100,15.866599467971582,70.50572266317216,low
XS_0706,17650.0,100,16.259999999999877,70.16307281403719,low
XS_0707,17675.0,100,16.799999999999955,68.5180876385349,low
XS_0708,17700.0,100,16.87999999999988,70.98267128581737,low
XS_0709,17725.0,100,20.001152597446207,81.38484085602569,low
XS_0710,17750.0,100,19.512969199964118,80.96731663106955,low
XS_0711,17775.0,100,10.010000000000105,73.15748878917391,low
XS_0712,17800.0,100,9.911000000000058,72.99890961070605,low
XS_0713,17825.0,100,8.822000000000116,71.04271693298614,low
XS_0714,17850.0,100,9.020000000000095,71.43003146276939,low
XS_0715,17875.0,100,9.218000000000188,71.80236245175372,low
XS_0716,17900.0,100,9.317000000000121,71.98316867567942,low
XS_0717,17925.0,100,9.503000000000043,72.31363228430935,low
XS_0718,17950.0,100,6.2999999999999545,64.31242317325137,low
XS_0719,17975.0,100,2.3999999999999773,30.9055827699501,low
XS_0720,18000.0,100,1.8379999999999654,31.238487034836158,low
XS_0721,18025.0,100,1.891999999999939,31.979006688956638,low
XS_0722,18050.0,100,1.5679999999999836,27.358853182772172,low
XS_0723,18075.0,100,2.3999999999999773,24.796937085472397,low
XS_0724,18100.0,100,1.0,0.567209686927054,low
XS_0725,18125.0,100,1.0,0.567209686927054,low
XS_0726,18150.0,100,0.9190000000000964,16.870976498760033,low
XS_0727,18175.0,100,0.8920000000001664,16.402319738732714,low
XS_0728,18200.0,100,0.8650000000001228,15.931395294664096,low
XS_0729,18225.0,100,0.8380000000001928,15.458250749943062,low
XS_0730,18250.0,100,0.8470000000000937,15.616209270268822,low
XS_0731,18275.0,100,0.7000000000001592,13.007169726635315,low
XS_0732,18300.0,100,0.7000000000001592,13.007169726635196,low
XS_0733,18325.0,100,0.8290000000001783,15.300051009706083,low
XS_0734,18350.0,100,1.7000000000000455,17.69840311091298,low
XS_0735,18375.0,100,1.7000000000000455,18.006752671447725,low
XS_0736,18400.0,100,1.7000000000000455,18.46725756502819,low
XS_0737,18425.0,100,0.97300000000007,17.801304993740175,low
XS_0738,18450.0,100,0.9550000000001546,17.492245556569,low
XS_0739,18475.0,100,1.7000000000000455,18.62021471301443,low
XS_0740,18500.0,100,1.7000000000000455,18.00675267141534,low
XS_0741,18525.0,100,1.7000000000000455,17.85271150959758,low
XS_0742,18550.0,100,0.9100000000001955,16.71501241231526,low
XS_0743,18575.0,100,0.7000000000001592,13.007169726748211,low
XS_0744,18600.0,100,0.7300000000001319,13.544481067923186,low
XS_0745,18625.0,100,0.8650000000001228,15.931395294730548,low
XS_0746,18650.0,100,1.7000000000000455,18.62021471286028,low
XS_0747,18675.0,100,1.7000000000000455,16.297864185665567,low
XS_0748,18700.0,100,1.7000000000000455,13.758733252078128,low
XS_0749,18725.0,100,0.7930000000000064,14.664877447537735,low
XS_0750,18750.0,100,0.8830000000000382,16.24559457341696,low
XS_0751,18775.0,100,0.84699999999998,15.61620927032037,low
XS_0752,18800.0,100,0.84699999999998,15.61620927032044,low
XS_0753,18825.0,100,1.7000000000000455,16.922907481062065,low
XS_0754,18850.0,100,1.7000000000000455,17.54382902355297,low
XS_0755,18875.0,100,1.7000000000000455,18.467257565054187,low
XS_0756,18900.0,100,0.7000000000001592,13.007169726701308,low
XS_0757,18925.0,100,1.400000000000091,24.796937085462577,low
XS_0758,18950.0,100,1.4570000000001073,24.796937085463938,low
XS_0759,18975.0,100,0.7930000000002337,14.664877447574035,low
XS_0760,19000.0,100,0.8380000000000791,15.458250749962533,low
XS_0761,19025.0,100,0.8290000000001783,15.300051009728243,low
XS_0762,19050.0,100,2.1000000000000227,24.796937085480103,low
XS_0763,19075.0,100,1.400000000000091,24.79693708550493,low
XS_0764,19100.0,100,1.400000000000091,24.796937085504727,low
XS_0765,19125.0,100,1.400000000000091,24.796937085442526,low
XS_0766,19150.0,100,1.400000000000091,13.705206729952325,low
XS_0767,19175.0,100,0.7390000000001464,13.705206729952447,low
XS_0768,19200.0,100,0.8290000000001783,15.300051009785346,low
XS_0769,19225.0,100,0.7930000000002337,14.664877447601478,low
XS_0770,19250.0,100,0.748000000000161,13.86571278759311,low
XS_0771,19275.0,100,0.7120000000001028,13.22237928421735,low
XS_0772,19300.0,100,1.6040000000000418,27.893164161369917,low
XS_0773,19325.0,100,1.8740000000001373,31.733475526766277,low
XS_0774,19350.0,100,2.3999999999999773,31.897308251225862,low
XS_0775,19375.0,100,2.3999999999999773,28.334433966513608,low
XS_0776,19400.0,100,2.3999999999999773,28.597451548615446,low
XS_0777,19425.0,100,2.3999999999999773,29.89287317211276,low
XS_0778,19450.0,100,2.3999999999999773,33.34571607752672,low
XS_0779,19475.0,100,1.4060000000000628,24.89035720700568,low
XS_0780,19500.0,100,1.400000000000091,24.79693708547772,low
XS_0781,19525.0,100,1.4750000000001364,14.34589278918322,low
XS_0782,19550.0,100,1.622000000000071,16.558792925394663,low
XS_0783,19575.0,100,1.6399999999999864,16.08861917127197,low
XS_0784,19600.0,100,1.649000000000001,15.458250749993727,low
XS_0785,19625.0,100,1.5050000000001091,14.664877447584102,low
XS_0786,19650.0,100,1.4480000000000928,13.865712787570855,low
XS_0787,19675.0,100,0.7120000000001028,13.222379284280768,low
XS_0788,19700.0,100,0.9819999999999709,17.9554354053047,low
XS_0789,19725.0,100,1.7000000000000455,18.314027195490954,low
XS_0790,19750.0,100,1.7000000000000455,17.698403111004808,low
XS_0791,19775.0,100,1.7000000000000455,17.07852842441825,low
XS_0792,19800.0,100,0.9819999999999709,17.9554354053047,low
XS_0793,19825.0,100,0.8380000000001928,15.458250750024513,low
XS_0794,19850.0,100,0.7000000000001592,13.007169726730298,low
XS_0795,19875.0,100,0.748000000000161,13.865712787621367,low
XS_0796,19900.0,100,0.7030000000000882,13.061007388166164,low
XS_0797,19925.0,100,0.9910000000000991,18.109297559348736,low
XS_0798,19950.0,100,5.600000000000023,58.26614359842429,low
XS_0799,19975.0,100,5.600000000000023,54.189524339806084,low
XS_0800,20000.0,100,1.7480000000000473,29.850221071579174,low
XS_0801,20025.0,100,1.6579999999999018,15.616209270311591,low
XS_0802,20050.0,100,1.649000000000001,15.616209270311591,low
XS_0803,20075.0,100,2.54099999999994,30.486172921228697,low
XS_0804,20100.0,100,2.6399999999999864,31.486636058297577,low
XS_0805,20125.0,100,2.8649999999998954,32.7077654842438,low
XS_0806,20150.0,100,2.8559999999999945,31.733475526759545,low
XS_0807,20175.0,100,3.004000000000019,27.893164161378706,low
XS_0808,20200.0,100,2.9320000000000164,24.796937085449176,low
XS_0809,20225.0,100,2.1359999999999673,15.247264480302402,low
XS_0810,20250.0,100,3.231999999999971,46.84475128072783,low
XS_0811,20275.0,100,3.1000000000000227,45.65138218162677,low
XS_0812,20300.0,100,1.7840000000001055,30.486172921286677,low
XS_0813,20325.0,100,1.7480000000000473,29.978067951908564,low
XS_0814,20350.0,100,1.7120000000001028,29.464710989613035,low
XS_0815,20375.0,100,1.6760000000001583,28.94610388307862,low
XS_0816,20400.0,100,7.000000000000114,64.31242317331855,low
XS_0817,20425.0,100,7.000000000000114,64.31242317331896,low
XS_0818,20450.0,100,7.000000000000114,64.31242317331855,low
XS_0819,20475.0,100,2.800000000000068,34.72195926905891,low
XS_0820,20500.0,100,0.9009999999999536,16.558792925365758,low
XS_0821,20525.0,100,1.0839999999999463,18.467257565181253,low
XS_0822,20550.0,100,1.0,13.007169726736546,low
XS_0823,20575.0,100,6.2999999999999545,54.1895243398275,low
XS_0824,20600.0,100,7.0,54.18952433986166,low
XS_0825,20625.0,100,3.9020000000000437,48.91060683111486,low
XS_0826,20650.0,100,3.3160000000001446,47.57759295934234,low
XS_0827,20675.0,100,3.172000000000139,46.308743909052744,low
XS_0828,20700.0,100,2.9920000000000755,44.63559250073593,low
XS_0829,20725.0,100,2.84800000000007,43.2236629545465,low
XS_0830,20750.0,100,2.800000000000068,42.73793318637753,low
XS_0831,20775.0,100,2.800000000000068,42.737933186377,low
XS_0832,20800.0,100,8.400000000000091,61.58104784785371,low
XS_0833,20825.0,100,2.800000000000068,29.72204593419956,low
XS_0834,20850.0,100,1.7660000000000764,30.23277691901485,low
XS_0835,20875.0,100,1.8200000000001637,30.989027390920608,low
XS_0836,20900.0,100,1.8560000000001082,31.486636058269333,low
XS_0837,20925.0,100,1.8920000000001664,31.9790066889029,low
XS_0838,20950.0,100,1.9460000000000264,32.70776548432381,low
XS_0839,20975.0,100,1.9820000000000846,33.18709390454589,low
XS_0840,21000.0,100,2.3999999999999773,24.796937085425238,low
XS_0841,21025.0,100,2.3999999999999773,24.796937085486206,low
XS_0842,21050.0,100,0.9828649195803791,15.127235771474314,low
XS_0843,21075.0,100,0.84699999999998,15.616209270271884,low
XS_0844,21100.0,100,0.8920000000000528,16.40231973867309,low
XS_0845,21125.0,100,1.7000000000000455,17.543829023556675,low
XS_0846,21150.0,100,1.7000000000000455,18.160525068867447,low
XS_0847,21175.0,100,0.9910000000000991,18.109297559198545,low
XS_0848,21200.0,100,2.352000000000089,24.890357206869247,low
XS_0849,21225.0,100,2.4060000000000628,26.274632017100448,low
XS_0850,21250.0,100,3.1000000000000227,27.671168486700676,low
XS_0851,21275.0,100,3.1000000000000227,28.728469209488317,low
XS_0852,21300.0,100,3.1000000000000227,40.60780550750082,low
XS_0853,21325.0,100,2.937488262610941,41.95632262262988,low
XS_0854,21350.0,100,3.1000000000000227,43.15330454704539,low
XS_0855,21375.0,100,3.1000000000000227,33.107566659756735,low
XS_0856,21400.0,100,2.7299999999999045,32.707765484249535,low
XS_0857,21425.0,100,1.8560000000001082,31.48663605830021,low
XS_0858,21450.0,100,1.7660000000000764,30.232776919076567,low
XS_0859,21475.0,100,2.1015006487065193,33.46489716573841,low
XS_0860,21500.0,100,2.1920000000000073,30.401853458526507,low
XS_0861,21525.0,100,5.524000000000115,54.189524339826704,low
XS_0862,21550.0,100,5.711999999999989,49.28349378632039,low
XS_0863,21575.0,100,5.600000000000023,49.11395764147311,low
XS_0864,21600.0,100,5.600000000000136,49.11395764140237,low
XS_0865,21625.0,100,16.100000000000136,77.78672345356293,low
XS_0866,21650.0,100,2.6490000000001146,41.15897999776344,low
XS_0867,21675.0,100,2.51400000000001,39.679779277491406,low
XS_0868,21700.0,100,2.865000000000123,43.39385949638138,low
XS_0869,21725.0,100,3.033000000000129,42.046984491152806,low
XS_0870,21750.0,100,9.800000000000068,71.58222445437558,low
XS_0871,21775.0,100,10.5,64.31242317337396,low
XS_0872,21800.0,100,10.5,64.31242317317455,low
XS_0873,21825.0,100,10.5,64.31242317317455,low
XS_0874,21850.0,100,10.65199999999993,64.31242317317455,low
XS_0875,21875.0,100,12.84800000000007,70.16307281416465,low
XS_0876,21900.0,100,14.532000000000153,72.47107118921944,low
XS_0877,21925.0,100,14.0,77.03275116191901,low
XS_0878,21950.0,100,13.920461331824072,76.44900880667768,low
XS_0879,21975.0,100,13.299999999999955,75.71342344080432,low
XS_0880,22000.0,100,13.299999999999955,74.53110456975725,low
XS_0881,22025.0,100,13.540000000000077,76.72089727718499,low
XS_0882,22050.0,100,14.389000000000124,77.48331396336397,low
XS_0883,22075.0,100,13.89400000000012,76.98497635245707,low
XS_0884,22100.0,100,15.430000000000064,76.30445022135405,low
XS_0885,22125.0,100,17.1640000000001,79.57107102722075,low
XS_0886,22150.0,100,17.94297653415026,78.97257809144268,low
XS_0887,22175.0,100,17.98165058126324,79.41926703198494,low
XS_0888,22200.0,100,20.61532613747795,79.93155511727817,low
XS_0889,22225.0,100,16.605413256736483,79.54891658859019,low
XS_0890,22250.0,100,17.083000000000084,79.02297389173815,low
XS_0891,22275.0,100,16.371999999999957,77.76553255778165,low
XS_0892,22300.0,100,12.661000000000058,75.73756294813973,low
XS_0893,22325.0,100,14.610000000000014,76.24591158210531,low
XS_0894,22350.0,100,15.499999999999886,76.59605808845339,low
XS_0895,22375.0,100,14.68100000000004,66.49332465089743,low
XS_0896,22400.0,100,7.960999999999899,61.23900335038258,low
XS_0897,22425.0,100,8.240000000000009,62.045060528252186,low
XS_0898,22450.0,100,8.426000000000045,62.55971326968423,low
XS_0899,22475.0,100,8.487999999999943,66.13016892769227,low
XS_0900,22500.0,100,8.07400000000007,61.869544500119254,low
XS_0901,22525.0,100,8.908596478107825,67.84743707902169,low
XS_0902,22550.0,100,9.751764961337585,67.98577433004048,low
XS_0903,22575.0,100,9.519999999999982,71.9704985938863,low
XS_0904,22600.0,100,9.956017218110219,72.6829647727579,low
XS_0905,22625.0,100,9.962082089375144,72.96658750585866,low
XS_0906,22650.0,100,9.370000000000232,72.07854338841622,low
XS_0907,22675.0,100,8.920000000000186,71.23634481422539,low
XS_0908,22700.0,100,8.470000000000141,70.31436760469919,low
XS_0909,22725.0,100,8.020000000000095,69.301265526509,low
XS_0910,22750.0,100,9.144786510519111,71.27292253189593,low
XS_0911,22775.0,100,11.377104667029926,72.91822359431971,low
XS_0912,22800.0,100,11.578000000000088,62.71151180180766,low
XS_0913,22825.0,100,13.075999999999908,64.0180032956598,low
XS_0914,22850.0,100,2.1000000000001364,29.978067951965762,low
XS_0915,22875.0,100,3.7999999999999545,29.89287317211206,low
XS_0916,22900.0,100,4.415337129606542,49.757273583854,low
XS_0917,22925.0,100,7.000000000000114,54.18952433979101,low
XS_0918,22950.0,100,7.000000000000114,64.31242317332568,low
XS_0919,22975.0,100,7.000000000000114,64.31242317336893,low
XS_0920,23000.0,100,7.000000000000114,64.31242317332526,low
XS_0921,23025.0,100,2.225999999999999,34.72195926907093,low
XS_0922,23050.0,100,2.1000000000000227,34.721959269120745,low
XS_0923,23075.0,100,6.2999999999999545,64.31242317320394,low
XS_0924,23100.0,100,6.408000000000129,64.69082653451862,low
XS_0925,23125.0,100,9.317000000000121,71.9831686757327,low
XS_0926,23150.0,100,12.311304597186563,74.67374549449622,low
XS_0927,23175.0,100,9.399999999999977,71.63867775720173,low
XS_0928,23200.0,100,16.339999999999918,72.29091725452982,low
XS_0929,23225.0,100,14.700000000000045,73.07434708389862,low
XS_0930,23250.0,100,15.700000000000045,72.6004924738643,low
XS_0931,23275.0,100,14.700000000000045,68.51808763873889,low
XS_0932,23300.0,100,18.200000000000045,74.86037565675014,low
XS_0933,23325.0,100,18.753000000000043,75.16756068802908,low
XS_0934,23350.0,100,17.903999999999996,78.6773160599167,low
XS_0935,23375.0,100,18.270000000000095,78.8960856065856,low
XS_0936,23400.0,100,17.500000000000114,75.89984060274631,low
XS_0937,23425.0,100,12.181000000000154,76.02994603508628,low
XS_0938,23450.0,100,12.415000000000077,76.28322007893618,low
XS_0939,23475.0,100,13.36099999999999,76.52764104189522,low
XS_0940,23500.0,100,19.867371732592915,81.32770808315769,low
XS_0941,23525.0,100,22.544907775354204,81.40777327723356,low
XS_0942,23550.0,100,19.550000000000068,81.16241845393377,low
XS_0943,23575.0,100,19.383414109561386,80.93694059958148,low
XS_0944,23600.0,100,21.98096643007659,81.42002931643052,low
XS_0945,23625.0,100,16.464000000000055,79.57107102720403,low
XS_0946,23650.0,100,17.031000000000063,79.91102209599133,low
XS_0947,23675.0,100,17.59800000000007,80.22971868408177,low
XS_0948,23700.0,100,17.976000000000226,80.43133012505096,low
XS_0949,23725.0,100,17.860000000000127,70.40621168252615,low
XS_0950,23750.0,100,18.09098533653821,75.71342344069431,low
XS_0951,23775.0,100,18.90000000000009,75.71342344071101,low
XS_0952,23800.0,100,18.921000000000163,75.71342344070639,low
XS_0953,23825.0,100,18.901594064240612,75.71342344070625,low
XS_0954,23850.0,100,3.1000000000000227,24.796937085429946,low
XS_0955,23875.0,100,3.1000000000000227,24.796937085382886,low
XS_0956,23900.0,100,3.1000000000000227,24.796937085429946,low
XS_0957,23925.0,100,2.5140000000001237,39.67977927733582,low
XS_0958,23950.0,100,2.1000000000001364,34.72195926897584,low
XS_0959,23975.0,100,1.76600000000019,30.232776919021827,low
XS_0960,24000.0,100,2.1000000000001364,34.72195926914943,low
XS_0961,24025.0,100,2.1000000000001364,34.721959269006526,low
XS_0962,24050.0,100,2.1000000000001364,34.721959269006526,low
XS_0963,24075.0,100,2.1000000000001364,34.721959269006526,low
XS_0964,24100.0,100,15.400000000000091,78.86796373280885,low
XS_0965,24125.0,100,15.664000000000101,79.05101062457402,low
XS_0966,24150.0,100,17.841999999999985,71.98316867558506,low
XS_0967,24175.0,100,19.70368259071745,74.47461086897322,low
XS_0968,24200.0,100,16.941631270550147,72.5800080236137,low
XS_0969,24225.0,100,18.199999999999932,69.39533984800171,low
XS_0970,24250.0,100,18.199999999999932,72.81762793270505,low
XS_0971,24275.0,100,18.220678031084276,72.81762793270505,low
XS_0972,24300.0,100,19.600000000000023,74.86037565669905,low
XS_0973,24325.0,100,16.457000000000107,76.11320540507451,low
XS_0974,24350.0,100,17.311999999999898,76.59605808848406,low
XS_0975,24375.0,100,18.581000000000017,77.0470164540859,low
XS_0976,24400.0,100,18.878000000000043,77.4690888512555,low
XS_0977,24425.0,100,16.725667746802515,75.34791209100543,low
XS_0978,24450.0,100,17.023999999999887,75.77533547248473,low
XS_0979,24475.0,100,19.84800000000007,76.1944208179647,low
XS_0980,24500.0,100,19.86399999999992,78.24314020318909,low
XS_0981,24525.0,100,19.791999999999916,78.57287946731805,low
XS_0982,24550.0,100,18.319999999999936,78.78274793693647,low
XS_0983,24575.0,100,18.21714057203451,78.99577450250723,low
XS_0984,24600.0,100,18.200000000000045,68.74742917293523,low
XS_0985,24625.0,100,18.254999999999995,73.92362212134796,low
XS_0986,24650.0,100,18.75,74.49065071450954,low
XS_0987,24675.0,100,19.120000000000005,74.84746787128962,low
XS_0988,24700.0,100,20.158000000000015,75.19230152255672,low
XS_0989,24725.0,100,20.517999999999915,78.01432318898999,low
XS_0990,24750.0,100,20.715999999999894,78.272895791713,low
XS_0991,24775.0,100,20.913999999999987,78.52069400864288,low
XS_0992,24800.0,100,21.01299999999992,78.64075819090051,low
XS_0993,24825.0,100,22.06700000000012,79.44569007706323,low
XS_0994,24850.0,100,22.2829999999999,79.6583177765797,low
XS_0995,24875.0,100,22.561999999999898,79.86263530644231,low
XS_0996,24900.0,100,21.038999999999874,79.96182695116069,low
XS_0997,24925.0,100,21.291000000000054,80.15455496762897,low
XS_0998,24950.0,100,22.173000000000002,80.3240933080111,low
XS_0999,24975.0,100,22.54499999999996,80.50341007827267,low
XS_1000,25000.0,100,24.251406973515373,80.65404718028964,low
XS_1001,25025.0,100,18.200000000000045,80.01042127731634,low
XS_1002,25050.0,100,18.274999999999977,80.21717944205875,low
XS_1003,25075.0,100,18.950000000000045,80.57239315162091,low
XS_1004,25100.0,100,24.955428127535583,80.90217232652425,low
XS_1005,25125.0,100,21.1087845318541,81.42471783403413,low
XS_1006,25150.0,100,20.087000000000103,81.23501255264875,low
XS_1007,25175.0,100,19.867999999999938,81.05766316633114,low
XS_1008,25200.0,100,20.152000000000044,81.3210951926612,low
XS_1009,25225.0,100,19.886999999999944,81.25822050584507,low
XS_1010,25250.0,100,23.819728714265125,81.74023853023984,low
XS_1011,25275.0,100,21.69912351221842,81.5056213180733,low
XS_1012,25300.0,100,22.371999999999957,81.16152579658764,low
XS_1013,25325.0,100,21.60699999999997,80.25849261718413,low
XS_1014,25350.0,100,21.100000000000023,79.8403287192866,low
XS_1015,25375.0,100,19.94500000000005,79.28209483262145,low
XS_1016,25400.0,100,19.617999999999938,78.80488516357376,low
XS_1017,25425.0,100,18.852999999999952,78.1250166356855,low
XS_1018,25450.0,100,17.53535370080658,77.7867234535407,low
XS_1019,25475.0,100,18.5,77.78672345353249,low
XS_1020,25500.0,100,19.174999999999955,80.68518393005253,low
XS_1021,25525.0,100,0.45661485709763383,0.2590030671170446,low
XS_1022,25550.0,100,1.0,0.5672096869289238,low
XS_1023,25575.0,100,4.662000000000035,54.189524339620675,low
XS_1024,25600.0,100,5.801000000000045,54.18952433983872,low
XS_1025,25625.0,100,5.8279999999999745,54.18952433983872,low
XS_1026,25650.0,100,1.6760000000000446,24.79693708554578,low
XS_1027,25675.0,100,1.6730000000000018,24.79693708554537,low
XS_1028,25700.0,100,3.6539666276871685,43.32008121491921,low
XS_1029,25725.0,100,3.1000000000000227,42.32725775182771,low
XS_1030,25750.0,100,3.1000000000000227,40.90074721193386,low
XS_1031,25775.0,100,3.066000000000031,39.71336114256202,low
XS_1032,25800.0,100,2.2760000000000673,31.89730825103985,low
XS_1033,25825.0,100,1.8560000000001082,31.48663605824887,low
XS_1034,25850.0,100,1.8920000000001664,31.979006688881896,low
XS_1035,25875.0,100,1.9950635566226538,33.359746925952734,low
XS_1036,25900.0,100,2.3999999999999773,32.86811926986101,low
XS_1037,25925.0,100,2.3999999999999773,24.796937085407745,low
XS_1038,25950.0,100,1.7570000000000618,16.245594573404112,low
XS_1039,25975.0,100,1.5769999999999982,15.458250749925604,low
XS_1040,26000.0,100,1.7000000000000455,15.352810943999081,low
XS_1041,26025.0,100,1.7000000000000455,17.23389008003032,low
XS_1042,26050.0,100,0.9550000000001546,17.492245556475332,low
XS_1043,26075.0,100,0.8200000000001637,15.141611914356812,low
XS_1044,26100.0,100,0.7000000000001592,13.007169726676796,low
XS_1045,26125.0,100,0.8290000000000646,15.30005100975216,low
XS_1046,26150.0,100,0.8920000000001664,16.402319738721054,low
XS_1047,26175.0,100,0.8470000000000937,15.616209270317864,low
XS_1048,26200.0,100,0.8110000000002628,14.982935348720114,low
XS_1049,26225.0,100,0.7660000000001901,14.186057851963108,low
XS_1050,26250.0,100,0.7300000000001319,13.544481067848794,low
XS_1051,26275.0,100,0.7000000000001592,13.007169726676796,low
XS_1052,26300.0,100,0.7000000000001592,13.00716972667656,low
XS_1053,26325.0,100,0.7000000000000455,13.007169726681745,low
XS_1054,26350.0,100,1.0,13.00716972668151,low
XS_1055,26375.0,100,1.2940000000000964,17.69840311094069,low
XS_1056,26400.0,100,0.9190000000000964,16.870976498730883,low
XS_1057,26425.0,100,0.8650000000000091,15.931395294624242,low
XS_1058,26450.0,100,0.9099999999999682,16.715012412229655,low
XS_1059,26475.0,100,0.9549999999999272,17.492245556480004,low
XS_1060,26500.0,100,0.9909999999999854,18.109297559257605,low
XS_1061,26525.0,100,0.8650000000000091,15.931395294650338,low
XS_1062,26550.0,100,1.3999999999999773,24.79693708546667,low
XS_1063,26575.0,100,1.5679999999999836,27.35885318272655,low
XS_1064,26600.0,100,1.8379999999999654,31.238487034786356,low
XS_1065,26625.0,100,2.1800000000000637,32.38532190211019,low
XS_1066,26650.0,100,1.7000000000000455,15.66880818667348,low
XS_1067,26675.0,100,1.312920614407517,13.551407812966602,low
XS_1068,26700.0,100,0.8380000000000791,15.458250749924913,low
XS_1069,26725.0,100,0.9640000000000555,17.646907859056313,low
XS_1070,26750.0,100,0.9190000000000964,16.870976498754363,low
XS_1071,26775.0,100,0.8740000000001373,16.08861917122203,low
XS_1072,26800.0,100,1.7000000000000455,15.826442215159647,low
XS_1073,26825.0,100,2.2760000000000673,30.6543742992906,low
XS_1074,26850.0,100,2.023502099284997,33.19642972510578,low
XS_1075,26875.0,100,1.711999999999989,17.33731966193504,low
XS_1076,26900.0,100,1.4600000000000364,24.796937085463803,low
XS_1077,26925.0,100,1.5830000000000837,27.58211654517618,low
XS_1078,26950.0,100,2.685000000000059,29.72204593419898,low
XS_1079,26975.0,100,3.1000000000000227,29.76480745190301,low
XS_1080,27000.0,100,1.691000000000031,24.79693708542005,low
XS_1081,27025.0,100,1.6730000000000018,24.796937085420154,low
XS_1082,27050.0,100,1.6460000000001855,24.79693708542005,low
XS_1083,27075.0,100,1.6280000000000427,24.796937085419952,low
XS_1084,27100.0,100,1.6100000000001273,24.796937085419952,low
XS_1085,27125.0,100,1.5920000000000982,24.796937085451255,low
XS_1086,27150.0,100,1.6490000000001146,27.492919761572875,low
XS_1087,27175.0,100,0.8380000000000791,15.45825074996474,low
XS_1088,27200.0,100,0.8650000000001228,15.931395294649416,low
XS_1089,27225.0,100,1.5920000000000982,24.796937085467416,low
XS_1090,27250.0,100,1.6759999999999309,16.870976498755404,low
XS_1091,27275.0,100,1.7000000000000455,17.85271150965654,low
XS_1092,27300.0,100,1.7000000000000455,18.31402719542411,low
XS_1093,27325.0,100,1.400000000000091,18.109297559256497,low
XS_1094,27350.0,100,0.9640000000001692,17.64690785905935,low
XS_1095,27375.0,100,0.9370000000002392,17.182131772306022,low
XS_1096,27400.0,100,2.3999999999999773,29.11955601220904,low
XS_1097,27425.0,100,2.3999999999999773,24.796937085494086,low
XS_1098,27450.0,100,1.3999999999999773,24.796937085493884,low
XS_1099,27475.0,100,1.3999999999999773,24.796937085493884,low
XS_1100,27500.0,100,1.1368683772161603e-13,2.149546075922218e-12,low
XS_1101,27525.0,100,1.1368683772161603e-13,2.149546075922218e-12,low
XS_1102,27550.0,100,1.1368683772161603e-13,2.149546075922218e-12,low
XS_1103,27575.0,100,1.5499999999999545,27.08974402629078,low
XS_1104,27600.0,100,0.8920000000001664,16.40231973869587,low
XS_1105,27625.0,100,0.8470000000000937,15.616209270254473,low
XS_1106,27650.0,100,2.477999999999952,28.946103882993107,low
XS_1107,27675.0,100,2.404620634431012,30.370877434984703,low
XS_1108,27700.0,100,2.3999999999999773,31.897308251058178,low
XS_1109,27725.0,100,2.3999999999999773,33.107566659653216,low
XS_1110,27750.0,100,4.200000000000159,34.72195926889683,low
XS_1111,27775.0,100,4.4340000000001965,44.113960457248766,low
XS_1112,27800.0,100,5.244000000000142,48.93509674201394,low
XS_1113,27825.0,100,5.211894730350878,47.76215928468705,low
XS_1114,27850.0,100,4.751999999999953,46.362822820521586,low
XS_1115,27875.0,100,3.91800000000012,44.69298000145988,low
XS_1116,27900.0,100,3.811999999999898,43.58295442137891,low
XS_1117,27925.0,100,4.649999999999977,44.28887137626132,low
XS_1118,27950.0,100,4.8659999999999854,44.978219328094866,low
XS_1119,27975.0,100,4.938000000000102,45.98201421982326,low
XS_1120,28000.0,100,4.97400000000016,46.6316190536408,low
XS_1121,28025.0,100,4.991999999999962,47.26599618929631,low
XS_1122,28050.0,100,4.225999999999999,48.18983817890712,low
XS_1123,28075.0,100,3.6200000000000045,42.73793318615843,low
XS_1124,28100.0,100,3.5,42.73793318615843,low
XS_1125,28125.0,100,3.5,42.737933186317534,low
XS_1126,28150.0,100,2.6220000000001846,40.868325494279325,low
XS_1127,28175.0,100,2.5140000000001237,39.67977927739312,low
XS_1128,28200.0,100,3.5000000000001137,38.44887233840276,low
XS_1129,28225.0,100,3.830000000000041,45.23253145395435,low
XS_1130,28250.0,100,3.650000000000091,43.84963928496045,low
XS_1131,28275.0,100,3.5,42.635770148445246,low
XS_1132,28300.0,100,9.100000000000136,61.58104784773944,low
XS_1133,28325.0,100,9.812000000000012,70.16307281409979,low
XS_1134,28350.0,100,9.800000000000068,70.16307281409637,low
XS_1135,28375.0,100,1.7480000000000473,29.978067951878906,low
XS_1136,28400.0,100,1.6760000000001583,28.946103883045282,low
XS_1137,28425.0,100,6.300000000000068,58.26614359835217,low
